title	author	startpage	pages	volume	number	year	month	isbn	issn	journal
Benedicta: An Editorial	Aman, Reinhold	1	1--8	1	1	1977	Summer		0363-3659	Maledicta: The International Journal of Verbal Aggression
A Word for It!	Legman, G.	9	9--18	1	1	1977	Summer		0363-3659	Maledicta: The International Journal of Verbal Aggression
Airborn(e) Bullshit	Jerome, E. A. “Jerry”	18	18	1	1	1977	Summer		0363-3659	Maledicta: The International Journal of Verbal Aggression
\emph{Malas Palabras}: Talking Dirty in {Cuban} {Spanish}	P., A. and M., G.	19	19--22	1	1	1977	Summer		0363-3659	Maledicta: The International Journal of Verbal Aggression
The Origin of Our Strongest Taboo-Word	Shipley, Joseph T.	23	23--29	1	1	1977	Summer		0363-3659	Maledicta: The International Journal of Verbal Aggression
Toalley and Keech	B., Arsee	29	29--30	1	1	1977	Summer		0363-3659	Maledicta: The International Journal of Verbal Aggression
Malediction and Psycho-Semantic Theory: The Case of {Yiddish}	Matisoff, James A.	31	31--39	1	1	1977	Summer		0363-3659	Maledicta: The International Journal of Verbal Aggression
Dostoyevsky on the Meaning of Humanity	Friedman, Victor A.	40	40	1	1	1977	Summer		0363-3659	Maledicta: The International Journal of Verbal Aggression
Macedonian Toponomastics: Popular Etymologies and Etymological Popularities	Friedman, Victor A.	41	41--42	1	1	1977	Summer		0363-3659	Maledicta: The International Journal of Verbal Aggression
Increment and Excrement: Céline and the Language of Hate	Luce, Stanford	43	43--48	1	1	1977	Summer		0363-3659	Maledicta: The International Journal of Verbal Aggression
Vagina Reginæ	Sedley, Maurice	48	48	1	1	1977	Summer		0363-3659	Maledicta: The International Journal of Verbal Aggression
He Shot Her with Great Stones: Prominent Sexual Metaphors in the Non-{Shakespearean} Drama of {Renaissance} {England}	Henke, James T.	49	49--62	1	1	1977	Summer		0363-3659	Maledicta: The International Journal of Verbal Aggression
A Philologist's Prayer	Philippe, Robert St. Vincent	62	62	1	1	1977	Summer		0363-3659	Maledicta: The International Journal of Verbal Aggression
Italian and {Venitian} Profanity	Averna, Giuliano and Legman, G.	63	63--64	1	1	1977	Summer		0363-3659	Maledicta: The International Journal of Verbal Aggression
Phonesthesis and Scatology: A Brief Résumé of Phonesthetic Devices Occurring in Obscene {English} Expressions	Wescott, Roger W.	65	65	1	1	1977	Summer		0363-3659	Maledicta: The International Journal of Verbal Aggression
A Newly Printable Game of Stinky-Pink (Party-Rhymes)	Wescott, Rogert W.	66	66	1	1	1977	Summer		0363-3659	Maledicta: The International Journal of Verbal Aggression
On {Christian}–{Moslem} Relations in the {Balkans}	Razvratnikov, Boris Sukitch	68	68	1	1	1977	Summer		0363-3659	Maledicta: The International Journal of Verbal Aggression
Latent Accusative Tendencies in the {Skopje} Dialect, Or Where to Go and What to Do with It in {North}-Central {Macedonia}	Razvratnikov, Boris Sukitch	69	69--73	1	1	1977	Summer		0363-3659	Maledicta: The International Journal of Verbal Aggression
How to Judge People's Character by Their Farting Styles	Herrera, L.	73	73--74	1	1	1977	Summer		0363-3659	Maledicta: The International Journal of Verbal Aggression
Three Lexicographic Notes on Individuation	Đông, Quang Phúc	75	75--76	1	1	1977	Summer		0363-3659	Maledicta: The International Journal of Verbal Aggression
Belaboring the Obvious: Sarcastic Interrogative Affirmatives and Negatives	Doyle, Charles Clay	77	77--82	1	1	1977	Summer		0363-3659	Maledicta: The International Journal of Verbal Aggression
An Onomastic Questionnaire	Aman, Reinhold	83	83--101	1	1	1977	Summer		0363-3659	Maledicta: The International Journal of Verbal Aggression
Dedication	Aman, Reinhold	109	109--110	1	2	1977	Winter	0-916500-51-9	0363-3659	Maledicta: The International Journal of Verbal Aggression
Legman: The King of {X700}	Jackson, Bruce	111	111--124	1	2	1977	Winter	0-916500-51-9	0363-3659	Maledicta: The International Journal of Verbal Aggression
Aggression in Children's Jokes	McCosh, Sandra	125	125--132	1	2	1977	Winter	0-916500-51-9	0363-3659	Maledicta: The International Journal of Verbal Aggression
Dirty Dingby	Court, Wesli	132	132	1	2	1977	Winter	0-916500-51-9	0363-3659	Maledicta: The International Journal of Verbal Aggression
Seasoned Curse	Court, Wesli	132	132	1	2	1977	Winter	0-916500-51-9	0363-3659	Maledicta: The International Journal of Verbal Aggression
Xenophobic Ethnica	Algeo, John	133	133--140	1	2	1977	Winter	0-916500-51-9	0363-3659	Maledicta: The International Journal of Verbal Aggression
Attacking Deviations from the Norm: Poetic Insults in {Bono} ({Ghana})	Warren, Dennis M. and Brempong, Owusu	141	141--166	1	2	1977	Winter	0-916500-51-9	0363-3659	Maledicta: The International Journal of Verbal Aggression
Defining One's Terms: ({E})sc(h)atology	Messing, G. M.	167	167	1	2	1977	Winter	0-916500-51-9	0363-3659	Maledicta: The International Journal of Verbal Aggression
Shytte: A Close-Stool Medytacyon	Rowley, Thomas	168	168	1	2	1977	Winter	0-916500-51-9	0363-3659	Maledicta: The International Journal of Verbal Aggression
San {Clemente}! {A} Modest Plea	Matthews, Roy T.	169	169--172	1	2	1977	Winter	0-916500-51-9	0363-3659	Maledicta: The International Journal of Verbal Aggression
Analysis of a Four-Letter Word	Fleming, Margaret	173	173--184	1	2	1977	Winter	0-916500-51-9	0363-3659	Maledicta: The International Journal of Verbal Aggression
Turco-Slavica	Friedman, Victor A.	185	185--188	1	2	1977	Winter	0-916500-51-9	0363-3659	Maledicta: The International Journal of Verbal Aggression
Paths of Pathos: The Urethral in Speech	Feldman, A. Bronson	189	189--200	1	2	1977	Winter	0-916500-51-9	0363-3659	Maledicta: The International Journal of Verbal Aggression
\emph{Prostituta} in {Modern} {Italian}: {I}. {Suffixation} and the Semantic Field	Radtke, Edgar	201	201--110	1	2	1977	Winter	0-916500-51-9	0363-3659	Maledicta: The International Journal of Verbal Aggression
An Humble Predacity upon the \emph{{Corpus}} of {Erica} {Jong}	Clark, John R.	211	211--213	1	2	1977	Winter	0-916500-51-9	0363-3659	Maledicta: The International Journal of Verbal Aggression
Topographectomy	Bardis, Panos D.	213	213	1	2	1977	Winter	0-916500-51-9	0363-3659	Maledicta: The International Journal of Verbal Aggression
Lines Written in Contempt of Change, and in the Perfervid Hope That Men Will Embrace Eternal Verities	Suhor, Charles	214	214	1	2	1977	Winter	0-916500-51-9	0363-3659	Maledicta: The International Journal of Verbal Aggression
The Onomastics of the Rabble	Closson, David L.	215	215--233	1	2	1977	Winter	0-916500-51-9	0363-3659	Maledicta: The International Journal of Verbal Aggression
Doing Research with Dirty Words	Jay, Timothy B.	234	234--256	1	2	1977	Winter	0-916500-51-9	0363-3659	Maledicta: The International Journal of Verbal Aggression
Dual Meanings in the Language of Technology	Friedman, Norman B.	257	257--260	1	2	1977	Winter	0-916500-51-9	0363-3659	Maledicta: The International Journal of Verbal Aggression
A Note on {English} Sexual Cursing	Gregersen, Edgar A.	261	261--268	1	2	1977	Winter	0-916500-51-9	0363-3659	Maledicta: The International Journal of Verbal Aggression
Keeks, Kikes, Kooks and Courrèges	Tamony, Peter	269	269--282	1	2	1977	Winter	0-916500-51-9	0363-3659	Maledicta: The International Journal of Verbal Aggression
Roman Hands Gave Us the Verbal Finger: Graffiti and Literary Form	Kehl, D. G.	283	283--292	1	2	1977	Winter	0-916500-51-9	0363-3659	Maledicta: The International Journal of Verbal Aggression
Dialogue between a Pederast and a Libertine	Philippe, Robert Saint-Vincent	293	293--315	1	2	1977	Winter	0-916500-51-9	0363-3659	Maledicta: The International Journal of Verbal Aggression
An Unsuspected Etymology Revealed	R.S.V.P.	316	316	1	2	1977	Winter	0-916500-51-9	0363-3659	Maledicta: The International Journal of Verbal Aggression
A Taxonomy of the Provenance of Metaphorical Terms of Abuse	Aman, Reinhold	317	317--322	1	2	1977	Winter	0-916500-51-9	0363-3659	Maledicta: The International Journal of Verbal Aggression
Benedicta: An Editorial	Aman, Reinhold	7	7--14	2	1\&2	1978	Summer and Winter	0-916500-52-7	0363-3659	Maledicta: The International Journal of Verbal Aggression
Graffiti as a Field of Folklore	Read, Allen Walker	15	15--31	2	1\&2	1978	Summer and Winter	0-916500-52-7	0363-3659	Maledicta: The International Journal of Verbal Aggression
Catullus {XLI}	Salemi, Joseph	32	32	2	1\&2	1978	Summer and Winter	0-916500-52-7	0363-3659	Maledicta: The International Journal of Verbal Aggression
The Greek Gays Have a Word for It	Demakopoulos, Steve A.	33	33--39	2	1\&2	1978	Summer and Winter	0-916500-52-7	0363-3659	Maledicta: The International Journal of Verbal Aggression
George {Carlin's} “{Milwaukee} {Six}”	Aman, Reinhold	40	40--41	2	1\&2	1978	Summer and Winter	0-916500-52-7	0363-3659	Maledicta: The International Journal of Verbal Aggression
Male and Female Rest Room Graffiti	Alexander, Bob	42	42--59	2	1\&2	1978	Summer and Winter	0-916500-52-7	0363-3659	Maledicta: The International Journal of Verbal Aggression
Sacré Quebec: {French}-{Canadian} Profanities	Huston, Nancy	60	60--66	2	1\&2	1978	Summer and Winter	0-916500-52-7	0363-3659	Maledicta: The International Journal of Verbal Aggression
Common Patient-Directed Pejoratives Used by Medical Personnel	Scheiner, C. J.	67	67--70	2	1\&2	1978	Summer and Winter	0-916500-52-7	0363-3659	Maledicta: The International Journal of Verbal Aggression
The Fate of Some Ethnonyms in {Czech}	Priestly, Tom M. S.	71	71--78	2	1\&2	1978	Summer and Winter	0-916500-52-7	0363-3659	Maledicta: The International Journal of Verbal Aggression
How to Become a Cacademic Scribe; Or, Publish and Perish the Thought	Fischer, Lee	79	79--83	2	1\&2	1978	Summer and Winter	0-916500-52-7	0363-3659	Maledicta: The International Journal of Verbal Aggression
\emph{Maledizione}: {Italian} Profanity	K., K. J.	84	84--86	2	1\&2	1978	Summer and Winter	0-916500-52-7	0363-3659	Maledicta: The International Journal of Verbal Aggression
The Secret of Humor	Feinberg, Leonard	87	87--110	2	1\&2	1978	Summer and Winter	0-916500-52-7	0363-3659	Maledicta: The International Journal of Verbal Aggression
Talking Backwards about Sex (etc.) in {Thai}	Gandour, Jackson T.	111	111--114	2	1\&2	1978	Summer and Winter	0-916500-52-7	0363-3659	Maledicta: The International Journal of Verbal Aggression
The Cockney's Horn Book: The Sexual Side of Rhyming Slang	Ashley, Leonard R. N.	115	115--120	2	1\&2	1978	Summer and Winter	0-916500-52-7	0363-3659	Maledicta: The International Journal of Verbal Aggression
On the Indirect Resolution of an Empirical Question by Evidence from a Slip of the Tongue during Performance of an Idiom, and Other Matters	FitzJames, DelHole	121	121--128	2	1\&2	1978	Summer and Winter	0-916500-52-7	0363-3659	Maledicta: The International Journal of Verbal Aggression
Hašofet Ben Zona: {Israeli} Soccer Cheers and Jeers	Gil, David	129	129--145	2	1\&2	1978	Summer and Winter	0-916500-52-7	0363-3659	Maledicta: The International Journal of Verbal Aggression
God's Plenty	Baird, Joseph L.	146	146--148	2	1\&2	1978	Summer and Winter	0-916500-52-7	0363-3659	Maledicta: The International Journal of Verbal Aggression
Cynical Ode	Carver, Michael	148	148	2	1\&2	1978	Summer and Winter	0-916500-52-7	0363-3659	Maledicta: The International Journal of Verbal Aggression
How to Hate Thy Neighbor: A Guide to Racist Maledicta	Clifton, Merritt	149	149--174	2	1\&2	1978	Summer and Winter	0-916500-52-7	0363-3659	Maledicta: The International Journal of Verbal Aggression
Entomology	Clifton, Merritt	174	174	2	1\&2	1978	Summer and Winter	0-916500-52-7	0363-3659	Maledicta: The International Journal of Verbal Aggression
A Note on Two {Tuscan} Curses: \emph{{Dio} {Faust}} and \emph{{Dio} {Mottarello}}	Falassi, Alessandro	175	175--176	2	1\&2	1978	Summer and Winter	0-916500-52-7	0363-3659	Maledicta: The International Journal of Verbal Aggression
Blow below the Belt: {Hamlet's} Crude Insult	Doyle, Charles Clay	177	177--181	2	1\&2	1978	Summer and Winter	0-916500-52-7	0363-3659	Maledicta: The International Journal of Verbal Aggression
Bibliological Maledictions Revisited	Thompson, Lawrence S.	182	182--188	2	1\&2	1978	Summer and Winter	0-916500-52-7	0363-3659	Maledicta: The International Journal of Verbal Aggression
Participant Swearing in {Australian} Rules Football	Dabke, Roswitha	189	189--205	2	1\&2	1978	Summer and Winter	0-916500-52-7	0363-3659	Maledicta: The International Journal of Verbal Aggression
On Swearing Apes	Hill, Archibald A.	206	206--207	2	1\&2	1978	Summer and Winter	0-916500-52-7	0363-3659	Maledicta: The International Journal of Verbal Aggression
The Two Neighbors' Laundry	Penushliski, Kiril and Friedman, Victor A.	208	208--209	2	1\&2	1978	Summer and Winter	0-916500-52-7	0363-3659	Maledicta: The International Journal of Verbal Aggression
What Do You Call a Sex-Pack?	Christopher, Richard	210	210--212	2	1\&2	1978	Summer and Winter	0-916500-52-7	0363-3659	Maledicta: The International Journal of Verbal Aggression
\emph{Faex Delenda Est}	Cogswell, Theodore R.	213	213--214	2	1\&2	1978	Summer and Winter	0-916500-52-7	0363-3659	Maledicta: The International Journal of Verbal Aggression
Maledicta Research Made Easy: Methods and Mini-Questionnaire	Aman, Reinhold	215	215--228	2	1\&2	1978	Summer and Winter	0-916500-52-7	0363-3659	Maledicta: The International Journal of Verbal Aggression
\emph{Change the Name of {Arkansas}?} {Senator} {Johnson's} Great Speech	Hoffmann, Frank A.	229	229--230	2	1\&2	1978	Summer and Winter	0-916500-52-7	0363-3659	Maledicta: The International Journal of Verbal Aggression
A Letter from an {Irish} Woman in {Dublin} to Her Cousin in {New} {York}	Anonymous	231	231	2	1\&2	1978	Summer and Winter	0-916500-52-7	0363-3659	Maledicta: The International Journal of Verbal Aggression
Quirk \& Anti-{Quirk}	Aman, Reinhold	232	232--238	2	1\&2	1978	Summer and Winter	0-916500-52-7	0363-3659	Maledicta: The International Journal of Verbal Aggression
Dedication	Aman, Reinhold	5	5	3	1	1979	Summer	0-916500-53-5	0363-3659	Maledicta: The International Journal of Verbal Aggression
Man-to-Man: {Aman} Interviews {Borneman}	Aman, Reinhold	7	7--23	3	1	1979	Summer	0-916500-53-5	0363-3659	Maledicta: The International Journal of Verbal Aggression
Ode to Those Four-Letter Words	{[Author unknown]}	24	24--25	3	1	1979	Summer	0-916500-53-5	0363-3659	Maledicta: The International Journal of Verbal Aggression
Some Examples of the Historical Insult Grevious in Contemporary {Ireland}	O Broin, Fiach	26	26--28	3	1	1979	Summer	0-916500-53-5	0363-3659	Maledicta: The International Journal of Verbal Aggression
Subliminal Obscenity in \emph{{Candide}}	Scanlan, Timothy M.	29	29--36	3	1	1979	Summer	0-916500-53-5	0363-3659	Maledicta: The International Journal of Verbal Aggression
On a Too Broad Etymology of \emph{Broad}	Henke, James T.	37	37--38	3	1	1979	Summer	0-916500-53-5	0363-3659	Maledicta: The International Journal of Verbal Aggression
Yoruba Terms Denoting Individual and Social Shortcomings	Warren, D. M. and Abioye-Salami, Tijani and Warren, Mary S.	39	39--54	3	1	1979	Summer	0-916500-53-5	0363-3659	Maledicta: The International Journal of Verbal Aggression
The Equation of Coital Vulgarisms with Personal and Social Transgressions	Kanin, Eugene J.	55	55--57	3	1	1979	Summer	0-916500-53-5	0363-3659	Maledicta: The International Journal of Verbal Aggression
Nelson {Rockefeller} and \emph{{Mort} {Douce}}	Monteiro, Lois	58	58--60	3	1	1979	Summer	0-916500-53-5	0363-3659	Maledicta: The International Journal of Verbal Aggression
Future Shout: Name-Calling in the Future	Halaby, Raouf and Long, Carolyn	61	61--68	3	1	1979	Summer	0-916500-53-5	0363-3659	Maledicta: The International Journal of Verbal Aggression
Portuguese Nicknames	Aman, Reinhold and Monteiro, George	69	69--70	3	1	1979	Summer	0-916500-53-5	0363-3659	Maledicta: The International Journal of Verbal Aggression
Self-Image through Imagery: Black Arts Poets and the Politics of Excrement	Collins, Terence	71	71--84	3	1	1979	Summer	0-916500-53-5	0363-3659	Maledicta: The International Journal of Verbal Aggression
Jews, {Janes}, and Jesters in a Classic Commentary on the {Qur'ân}	Ha-Yeroḥāmī, Raḥāmīm	85	85--86	3	1	1979	Summer	0-916500-53-5	0363-3659	Maledicta: The International Journal of Verbal Aggression
Studies in \emph{{Gitano}} Social Ecology: Conflict and Verbal Abuse	Mulcahy, F. David	87	87--100	3	1	1979	Summer	0-916500-53-5	0363-3659	Maledicta: The International Journal of Verbal Aggression
Protestant Marriage Vows Revised	Hughes, John	101	101--102	3	1	1979	Summer	0-916500-53-5	0363-3659	Maledicta: The International Journal of Verbal Aggression
Πυγμή-Φαλλός: Fist-Phallus	Petropoulos, Elias and Legman, Gershon	103	103--107	3	1	1979	Summer	0-916500-53-5	0363-3659	Maledicta: The International Journal of Verbal Aggression
Impure Mathematics	{[Author unknown]}	108	108--109	3	1	1979	Summer	0-916500-53-5	0363-3659	Maledicta: The International Journal of Verbal Aggression
The Rhetoric of Hispanic Machismo: A Historical Perspective	Zlotchew, Clark M.	110	110--122	3	1	1979	Summer	0-916500-53-5	0363-3659	Maledicta: The International Journal of Verbal Aggression
\emph{New, Improved Dreck!} {Interlingual} Taboo in Personal Names, Brand Names, and Language Learning	Aman, Reinhold	145	145--152	3	2	1979	Winter		0363-3659	Maledicta: The International Journal of Verbal Aggression
A Glossary of Ethnic Slurs in {American} {English}	Eisiminger, Sterling	153	153--174	3	2	1979	Winter		0363-3659	Maledicta: The International Journal of Verbal Aggression
The Magic Walking Stick	Randolph, Vance and Legman, Gershon	175	175--176	3	2	1979	Winter		0363-3659	Maledicta: The International Journal of Verbal Aggression
Toward a Typology of Verbal Abuse: Naming Dead Kin in Northwestern {California}	Bright, William	177	177--181	3	2	1979	Winter		0363-3659	Maledicta: The International Journal of Verbal Aggression
Canadian Slurs, Ethnic and Other	Colombo, John Robert	182	182--184	3	2	1979	Winter		0363-3659	Maledicta: The International Journal of Verbal Aggression
Hamlet Maledictum	Crist, Clifford Mortimer	185	185--192	3	2	1979	Winter		0363-3659	Maledicta: The International Journal of Verbal Aggression
A Taboo-Boo Word Revisited	Christopher, Richard	195	195--196	3	2	1979	Winter		0363-3659	Maledicta: The International Journal of Verbal Aggression
Elementary {Russian} Obscenity	Razvratnikov, Boris Sukitch	197	197--204	3	2	1979	Winter		0363-3659	Maledicta: The International Journal of Verbal Aggression
Dingbatted Maledicta: Symbolic Euphemisms	Aman, Reinhold	208	208--211	3	2	1979	Winter		0363-3659	Maledicta: The International Journal of Verbal Aggression
\emph{Kinks and Queens}: Linguistic and Cultural Aspects of the Terminology for \emph{Gays}	Ashley, Leonard R. N.	215	215--256	3	2	1979	Winter		0363-3659	Maledicta: The International Journal of Verbal Aggression
On the Etymology of \emph{Gay}	Aman, Reinhold	257	257--258	3	2	1979	Winter		0363-3659	Maledicta: The International Journal of Verbal Aggression
Catullus {XCVII}	Salemi, Joseph	259	259--260	3	2	1979	Winter		0363-3659	Maledicta: The International Journal of Verbal Aggression
Swiss Swearwords: Epithets in the Alps	Schultz, Amelia Susman	261	261--274	3	2	1979	Winter		0363-3659	Maledicta: The International Journal of Verbal Aggression
Academic Graffiti	La Barre, Weston	275	275--276	3	2	1979	Winter		0363-3659	Maledicta: The International Journal of Verbal Aggression
Verbal Aggression in {Mexico} {City}	Tierney, Robert W.	277	277--278	3	2	1979	Winter		0363-3659	Maledicta: The International Journal of Verbal Aggression
Clean Up Your Fexing Language! {Or}, How to Swear Violently Without Offending Anyone	Aman, Reinhold	5	5--14	4	1	1980	Summer		0363-3659	Maledicta: The International Journal of Verbal Aggression
The Great {American} \emph{{Shimpfmeister}}: Hundred Years of {H.} {L.} {Mencken}	Feinberg, Leonard	15	15--21	4	1	1980	Summer		0363-3659	Maledicta: The International Journal of Verbal Aggression
The {Jimmy} {Carter} Statue	{[Author unknown]}	22	22	4	1	1980	Summer		0363-3659	Maledicta: The International Journal of Verbal Aggression
Putting Obscene Words into the Dictionary	Steiner, Roger J.	23	23--37	4	1	1980	Summer		0363-3659	Maledicta: The International Journal of Verbal Aggression
Medea's Madness	Bardis, Panos	38	38	4	1	1980	Summer		0363-3659	Maledicta: The International Journal of Verbal Aggression
Scram! {Or}, 101 Ways to Sack Your Lover	Seits, Laurence E. and Schumacher, Robert M.	39	39--43	4	1	1980	Summer		0363-3659	Maledicta: The International Journal of Verbal Aggression
Union Dogs	{[Author unknown]}	44	44	4	1	1980	Summer		0363-3659	Maledicta: The International Journal of Verbal Aggression
Semantic Functions of the Allegedly Obscene Particles “{X}” in {Cantonese}	Sou-Mee, Tse and Tao-Lin, Yu	45	45--51	4	1	1980	Summer		0363-3659	Maledicta: The International Journal of Verbal Aggression
The Sex Life of {Micro} \& {Millie}	{[Author unknown]}	52	52	4	1	1980	Summer		0363-3659	Maledicta: The International Journal of Verbal Aggression
Not Sticks and Stones, But Names: More Medical Pejoratives	Monteiro, Lois	53	53--58	4	1	1980	Summer		0363-3659	Maledicta: The International Journal of Verbal Aggression
A Glossary of Homosexuality	Bardis, Panos D.	59	59--63	4	1	1980	Summer		0363-3659	Maledicta: The International Journal of Verbal Aggression
Shrink Shrank Shrunk	Foster, Rick	64	64	4	1	1980	Summer		0363-3659	Maledicta: The International Journal of Verbal Aggression
\emph{In a Pig's Eye} and Related Expressions	Cohen, Gerald L. and Germano, Ernest	65	65--70	4	1	1980	Summer		0363-3659	Maledicta: The International Journal of Verbal Aggression
Look, Ma, What's Become of the Sacred Tongues	Arbeitman, Yoël	71	71--88	4	1	1980	Summer		0363-3659	Maledicta: The International Journal of Verbal Aggression
Don't Call a Fruiterer a Fruiter (Unless He Is One)	Onomasticon, Melanchthon	89	89--90	4	1	1980	Summer		0363-3659	Maledicta: The International Journal of Verbal Aggression
Prosodic Influences on the Meaning of \emph{Leck mich am {Arsch}} in {Bavarian}	Zintl, Josef	91	91--95	4	1	1980	Summer		0363-3659	Maledicta: The International Journal of Verbal Aggression
Stretching a Dime	{[Author unknown]}	96	96	4	1	1980	Summer		0363-3659	Maledicta: The International Journal of Verbal Aggression
Wool and Eggs	Gil, David	97	97--98	4	1	1980	Summer		0363-3659	Maledicta: The International Journal of Verbal Aggression
\emph{Carajo} and {Hispanic} Congeners in {Borrow}, {Byron}, {Ford}, and {Scott}	Knowlton, Jr., Edgar C.	99	99--107	4	1	1980	Summer		0363-3659	Maledicta: The International Journal of Verbal Aggression
What's Your Sign, Sucker?	Isović, Zack	108	108	4	1	1980	Summer		0363-3659	Maledicta: The International Journal of Verbal Aggression
Coprolite, Urolite, and “Vomite”	Wood, Gordon D.	109	109--115	4	1	1980	Summer		0363-3659	Maledicta: The International Journal of Verbal Aggression
The Pussy Café	{[Author unknown]}	116	116	4	1	1980	Summer		0363-3659	Maledicta: The International Journal of Verbal Aggression
Racial and Ethnic Slurs: Regional Awareness and Variations	French, Laurence	117	117--126	4	1	1980	Summer		0363-3659	Maledicta: The International Journal of Verbal Aggression
A Bibliography of {G.} {Legman}	McLeish, John	127	127--138	4	1	1980	Summer		0363-3659	Maledicta: The International Journal of Verbal Aggression
Lethal Limericks	Crist, Clifford Mortimer	161	161--166	4	2	1980	Winter		0363-3659	Maledicta: The International Journal of Verbal Aggression
A Brief Survey of Some Unofficial Prosigns Used by The {United} {States} {Armed} {Forces}	Cragg, Dan	167	167--173	4	2	1980	Winter		0363-3659	Maledicta: The International Journal of Verbal Aggression
Louisianans Do It Bayoutifully	Aman, Reinhold	174	174--179	4	2	1980	Winter		0363-3659	Maledicta: The International Journal of Verbal Aggression
An Unpublished Seventeenth-Century Epitaph, and a {Byronic} Query	Baker, Donald C.	180	180	4	2	1980	Winter		0363-3659	Maledicta: The International Journal of Verbal Aggression
A New Erotic Vocabulary	Healey, Tim	181	181--201	4	2	1980	Winter		0363-3659	Maledicta: The International Journal of Verbal Aggression
Dinner Dansant \emph{Menu}	{[Author unknown]}	202	202	4	2	1980	Winter		0363-3659	Maledicta: The International Journal of Verbal Aggression
Goats and Monkeys! {A} Guide to Beastly Invective	Rowland, Beryl	203	203--212	4	2	1980	Winter		0363-3659	Maledicta: The International Journal of Verbal Aggression
The Vulva: A Psycholinguistic Problem	Ash, Mildred	213	213--219	4	2	1980	Winter		0363-3659	Maledicta: The International Journal of Verbal Aggression
Naming the Vulvar Part	Hankey, Clyde	220	220--222	4	2	1980	Winter		0363-3659	Maledicta: The International Journal of Verbal Aggression
“{Lovely}, Blooming, Fresh and Gay”: The Onomastics of Camp	Ashley, Leonard R. N.	223	223--248	4	2	1980	Winter		0363-3659	Maledicta: The International Journal of Verbal Aggression
Wet Dreams and the Ejaculate	Moller, Herbert	249	249--251	4	2	1980	Winter		0363-3659	Maledicta: The International Journal of Verbal Aggression
Yugoslavia, Here {I} Come!	Aman, Reinhold	252	252--257	4	2	1980	Winter		0363-3659	Maledicta: The International Journal of Verbal Aggression
Meta-Graffiti	Fraser, Bruce	258	258--260	4	2	1980	Winter		0363-3659	Maledicta: The International Journal of Verbal Aggression
A Survey of {Russian} Obscenities and Invective Usage	Kauffman, Charles A.	261	261--289	4	2	1980	Winter		0363-3659	Maledicta: The International Journal of Verbal Aggression
The Real Dictionary	Whitman, Walt	290	290	4	2	1980	Winter		0363-3659	Maledicta: The International Journal of Verbal Aggression
Putting the \emph{{U}} in \emph{{FCC}}	Kemp, Pamela J.	291	291--297	4	2	1980	Winter		0363-3659	Maledicta: The International Journal of Verbal Aggression
Laudationes \emph{{Maledictæ}}	Crist, C. M.	6	6	5	1\&2	1981	Summer and Winter	0-916500-25-X	0363-3659	Maledicta: The International Journal of Verbal Aggression
Dedication	Aman, Reinhold	7	7--10	5	1\&2	1981	Summer and Winter	0-916500-25-X	0363-3659	Maledicta: The International Journal of Verbal Aggression
Elias Petropoulos, the \emph{{Mounópsira}}	Taylor, John	10	10--24	5	1\&2	1981	Summer and Winter	0-916500-25-X	0363-3659	Maledicta: The International Journal of Verbal Aggression
The Rebetic Songs	Taylor, John	25	25--30	5	1\&2	1981	Summer and Winter	0-916500-25-X	0363-3659	Maledicta: The International Journal of Verbal Aggression
Tom, Dick \& Hairy: Notes on Genital Pet Names	Cornog, Martha	31	31--40	5	1\&2	1981	Summer and Winter	0-916500-25-X	0363-3659	Maledicta: The International Journal of Verbal Aggression
What Is This Thing Called, Love? {More} Genital Pet Names	Aman, Reinhold	41	41--44	5	1\&2	1981	Summer and Winter	0-916500-25-X	0363-3659	Maledicta: The International Journal of Verbal Aggression
Peter Metre	Charles, Donald	45	45--46	5	1\&2	1981	Summer and Winter	0-916500-25-X	0363-3659	Maledicta: The International Journal of Verbal Aggression
Trade Names of {American} Condoms	Sedley, Maurice	47	47--49	5	1\&2	1981	Summer and Winter	0-916500-25-X	0363-3659	Maledicta: The International Journal of Verbal Aggression
On Translating {Chomsky}	Maher, J. Peter	50	50	5	1\&2	1981	Summer and Winter	0-916500-25-X	0363-3659	Maledicta: The International Journal of Verbal Aggression
Rude Words, Insults and Narration in Preadolescent Obscene Talk	Fine, Gary Alan	51	51--68	5	1\&2	1981	Summer and Winter	0-916500-25-X	0363-3659	Maledicta: The International Journal of Verbal Aggression
“{I} {Wanna} {Hot} {Dog} {for} {My} {Roll}”: Suggestive Song Titles	Urdang, Laurence	69	69--76	5	1\&2	1981	Summer and Winter	0-916500-25-X	0363-3659	Maledicta: The International Journal of Verbal Aggression
Two Recipes		76	76	5	1\&2	1981	Summer and Winter	0-916500-25-X	0363-3659	Maledicta: The International Journal of Verbal Aggression
Potentiation of a {Spanish} Insult	Teruggi, Mario E.	77	77--78	5	1\&2	1981	Summer and Winter	0-916500-25-X	0363-3659	Maledicta: The International Journal of Verbal Aggression
Sigma {Epsilon} {Xi}: Sex in the Typical University Classroom	Nilsen, Don L. F.	79	79--91	5	1\&2	1981	Summer and Winter	0-916500-25-X	0363-3659	Maledicta: The International Journal of Verbal Aggression
Oh, Schick! {A} Guide for the Perplexed	Aman, Reinhold	92	92	5	1\&2	1981	Summer and Winter	0-916500-25-X	0363-3659	Maledicta: The International Journal of Verbal Aggression
Catullus {XLII}	Salemi, Joseph	93	93--94	5	1\&2	1981	Summer and Winter	0-916500-25-X	0363-3659	Maledicta: The International Journal of Verbal Aggression
Acrimonious Acronyms for Ethnic Groups	Allen, Irving	95	95--102	5	1\&2	1981	Summer and Winter	0-916500-25-X	0363-3659	Maledicta: The International Journal of Verbal Aggression
The {Rab}-{Shakeh's} Verbal Aggression and Rabbinical Euphemism	Urrutia, Benjamin	103	103--104	5	1\&2	1981	Summer and Winter	0-916500-25-X	0363-3659	Maledicta: The International Journal of Verbal Aggression
Chinese Values as Depicted in {Mandarin} Terms of Abuse	Huang, Shu-min and Warren, D. M.	105	105--122	5	1\&2	1981	Summer and Winter	0-916500-25-X	0363-3659	Maledicta: The International Journal of Verbal Aggression
Meet Our Copy-Editor	Aman, Reinhold	123	123	5	1\&2	1981	Summer and Winter	0-916500-25-X	0363-3659	Maledicta: The International Journal of Verbal Aggression
The Corporate Glossary: Job Titles and What They Mean	Hughes, John	124	124--126	5	1\&2	1981	Summer and Winter	0-916500-25-X	0363-3659	Maledicta: The International Journal of Verbal Aggression
The Co(s)micality of Shit	Piperglow, Shirl	127	127--142	5	1\&2	1981	Summer and Winter	0-916500-25-X	0363-3659	Maledicta: The International Journal of Verbal Aggression
\emph{Kapekape}: Contexts of Malediction in {Tonga}	Feldman, Harry	143	143--150	5	1\&2	1981	Summer and Winter	0-916500-25-X	0363-3659	Maledicta: The International Journal of Verbal Aggression
Disturbing Your Seed; Or, Greater Love Hath {Onan}	Beach, Scott	151	151--152	5	1\&2	1981	Summer and Winter	0-916500-25-X	0363-3659	Maledicta: The International Journal of Verbal Aggression
Chaucer's View of the Proper Treatment of Women	Davenant, John	153	153--161	5	1\&2	1981	Summer and Winter	0-916500-25-X	0363-3659	Maledicta: The International Journal of Verbal Aggression
World {Health} {Organization} {Report}: {XII},1980	Legman, G.	162	162	5	1\&2	1981	Summer and Winter	0-916500-25-X	0363-3659	Maledicta: The International Journal of Verbal Aggression
Blasphemy in “{Nouvelle} \emph{France}” Yesterday and Today	Huston, Nancy	163	163--169	5	1\&2	1981	Summer and Winter	0-916500-25-X	0363-3659	Maledicta: The International Journal of Verbal Aggression
Medfly Crisis: Governor Forms Fruit Police		170	170	5	1\&2	1981	Summer and Winter	0-916500-25-X	0363-3659	Maledicta: The International Journal of Verbal Aggression
Things Better Left Unsaid: Photocopy Humor	Preston, Cathy L. and Preston, Michael J.	171	171--176	5	1\&2	1981	Summer and Winter	0-916500-25-X	0363-3659	Maledicta: The International Journal of Verbal Aggression
Menomini Maledicta: A Glossary of Terms of Deprecation, Sexuality, Body Parts \& Functions, and Related Matters	Aman, Reinhold	177	177--190	5	1\&2	1981	Summer and Winter	0-916500-25-X	0363-3659	Maledicta: The International Journal of Verbal Aggression
Abuses of the Clergy	Crist, Clifford Mortimer	191	191--206	5	1\&2	1981	Summer and Winter	0-916500-25-X	0363-3659	Maledicta: The International Journal of Verbal Aggression
\emph{{O}.{E}.{D}.} Cock 20: The Limits of Lexicography of Slang	Baird, Lorrayne Y.	213	213--225	5	1\&2	1981	Summer and Winter	0-916500-25-X	0363-3659	Maledicta: The International Journal of Verbal Aggression
Sex and the Single Soldier; Or, the Love Bug Will Bite You If You Don't Wash Out	Weitzner, Daniel N.	227	227--228	5	1\&2	1981	Summer and Winter	0-916500-25-X	0363-3659	Maledicta: The International Journal of Verbal Aggression
The {Special} {Forces} Soldier as Seen By…	Gregory, S.	228	228	5	1\&2	1981	Summer and Winter	0-916500-25-X	0363-3659	Maledicta: The International Journal of Verbal Aggression
Iranian Values as Depicted in {Farsi} Terms of Abuse, Curses, Threats, and Exclamations	Noland, Soraya and Warren, D. M.	229	229--241	5	1\&2	1981	Summer and Winter	0-916500-25-X	0363-3659	Maledicta: The International Journal of Verbal Aggression
A Letter to {Dr.} {Randy} {Quirk}	Aman, Reinhold	242	242	5	1\&2	1981	Summer and Winter	0-916500-25-X	0363-3659	Maledicta: The International Journal of Verbal Aggression
Five Years and 121 Dirty Words Later	Wilson, Wayne J.	243	243--255	5	1\&2	1981	Summer and Winter	0-916500-25-X	0363-3659	Maledicta: The International Journal of Verbal Aggression
Know Your Friends	Cornog, M. and Lederer, R.	255	255	5	1\&2	1981	Summer and Winter	0-916500-25-X	0363-3659	Maledicta: The International Journal of Verbal Aggression
A {French} Menu	Legman, G.	257	257--259	5	1\&2	1981	Summer and Winter	0-916500-25-X	0363-3659	Maledicta: The International Journal of Verbal Aggression
More Repulsive Menus	Aman, Reinhold	260	260--262	5	1\&2	1981	Summer and Winter	0-916500-25-X	0363-3659	Maledicta: The International Journal of Verbal Aggression
By Its Slang, Ye Shall Know It: The Pessimism of Prison Life	Morgan, Hugh	263	263--269	5	1\&2	1981	Summer and Winter	0-916500-25-X	0363-3659	Maledicta: The International Journal of Verbal Aggression
A {Talmudic} Curse	Feinsilver, Alexander	270	270	5	1\&2	1981	Summer and Winter	0-916500-25-X	0363-3659	Maledicta: The International Journal of Verbal Aggression
Lexicography (A Trough of Low Pleasure)	Ewart, Gavin	271	271--272	5	1\&2	1981	Summer and Winter	0-916500-25-X	0363-3659	Maledicta: The International Journal of Verbal Aggression
“{They} Are a Hairy, Cruel, Savage Nation”: Ethnic Slurs Anno 1774	Aman, Reinhold	273	273--283	5	1\&2	1981	Summer and Winter	0-916500-25-X	0363-3659	Maledicta: The International Journal of Verbal Aggression
Frustration → Affect → Release: An Open Letter to a Greedy Company	Aman, Reinhold	284	284	5	1\&2	1981	Summer and Winter	0-916500-25-X	0363-3659	Maledicta: The International Journal of Verbal Aggression
Verbal Aggression in {Dutch} Sleeptalking	Heynick, Frank	285	285--297	5	1\&2	1981	Summer and Winter	0-916500-25-X	0363-3659	Maledicta: The International Journal of Verbal Aggression
\emph{Umi-Umi:} {Pus}-Sea	{[Author unknown]}	297	297	5	1\&2	1981	Summer and Winter	0-916500-25-X	0363-3659	Maledicta: The International Journal of Verbal Aggression
\emph{{Heute bleibt die Klowand kalt:}} {Advertising}, Rhymed Couplets, and Graffiti in {German}	James, Charles J.	298	298--300	5	1\&2	1981	Summer and Winter	0-916500-25-X	0363-3659	Maledicta: The International Journal of Verbal Aggression
The Semantics of Abuse in the \emph{Chastushka}: Women's Bawdy	Raskin, Victor	301	301--317	5	1\&2	1981	Summer and Winter	0-916500-25-X	0363-3659	Maledicta: The International Journal of Verbal Aggression
Merry {XXX}-{Mas}	Th., Robert	318	318	5	1\&2	1981	Summer and Winter	0-916500-25-X	0363-3659	Maledicta: The International Journal of Verbal Aggression
Cheer Up!: {A} {Maledicta} Song	Ashley, Len	5	5--6	6	1\&2	1982	Summer and Winter	0-916500-26-8	0363-3659	Maledicta: The International Journal of Verbal Aggression
Linguistic Ambiguities		6	6	6	1\&2	1982	Summer and Winter	0-916500-26-8	0363-3659	Maledicta: The International Journal of Verbal Aggression
Puns in Advertising: Ambiguity as Verbal Aggression	Monnot, Michel	7	7--20	6	1\&2	1982	Summer and Winter	0-916500-26-8	0363-3659	Maledicta: The International Journal of Verbal Aggression
The Prime Minister of {Canada}		20	20	6	1\&2	1982	Summer and Winter	0-916500-26-8	0363-3659	Maledicta: The International Journal of Verbal Aggression
Canadian Sexual Terms	Aman, Reinhold and Sardo, Grace	21	21--28	6	1\&2	1982	Summer and Winter	0-916500-26-8	0363-3659	Maledicta: The International Journal of Verbal Aggression
Karl {Marx}, Maledictor	Raeithel, Gert	29	29--32	6	1\&2	1982	Summer and Winter	0-916500-26-8	0363-3659	Maledicta: The International Journal of Verbal Aggression
A Guide to Political Mudslinging	Lederer, Richard	33	33--35	6	1\&2	1982	Summer and Winter	0-916500-26-8	0363-3659	Maledicta: The International Journal of Verbal Aggression
Pecker Tax		36	36	6	1\&2	1982	Summer and Winter	0-916500-26-8	0363-3659	Maledicta: The International Journal of Verbal Aggression
\emph{Caveat Viator:} {Notes} on {Australian} {English} for the Wary Traveler	Selth, Jeff	37	37--44	6	1\&2	1982	Summer and Winter	0-916500-26-8	0363-3659	Maledicta: The International Journal of Verbal Aggression
A {Greek} Gay Is a {Greek} Gay Is a {Greek} Gay…	Demakopoulos, Steve A.	45	45--51	6	1\&2	1982	Summer and Winter	0-916500-26-8	0363-3659	Maledicta: The International Journal of Verbal Aggression
License Plate Taboos	Nuessel, Frank	52	52--56	6	1\&2	1982	Summer and Winter	0-916500-26-8	0363-3659	Maledicta: The International Journal of Verbal Aggression
Celebrity Sick Jokes	Barrick, Mac E.	57	57--62	6	1\&2	1982	Summer and Winter	0-916500-26-8	0363-3659	Maledicta: The International Journal of Verbal Aggression
Italian Blasphemies	Averna, Giuliano and Salemi, Joseph	63	63--70	6	1\&2	1982	Summer and Winter	0-916500-26-8	0363-3659	Maledicta: The International Journal of Verbal Aggression
Recurring Political Satire	Fine, Gary Alan	71	71--74	6	1\&2	1982	Summer and Winter	0-916500-26-8	0363-3659	Maledicta: The International Journal of Verbal Aggression
Japanese Sexual Maledicta	Solt, John	75	75--81	6	1\&2	1982	Summer and Winter	0-916500-26-8	0363-3659	Maledicta: The International Journal of Verbal Aggression
Books {I} Didn't Order	Balliot, Robert L.	82	82--88	6	1\&2	1982	Summer and Winter	0-916500-26-8	0363-3659	Maledicta: The International Journal of Verbal Aggression
“{In} {the} {Time} {of} {Masturbation}”: {Greek} Burlesque Folk Verse	Koukoulès, Mary and Legman, G.	89	89--100	6	1\&2	1982	Summer and Winter	0-916500-26-8	0363-3659	Maledicta: The International Journal of Verbal Aggression
What Are Graffiti For? {Folk} Epigraphy and Anonymous Rhetoric	Merry, Bruce	101	101--116	6	1\&2	1982	Summer and Winter	0-916500-26-8	0363-3659	Maledicta: The International Journal of Verbal Aggression
From \emph{{An} {Obnoxious} {Dictionary}}	Crist, Clifford M.	116	116	6	1\&2	1982	Summer and Winter	0-916500-26-8	0363-3659	Maledicta: The International Journal of Verbal Aggression
Lusty Language Learning: Confessions on Acquiring {Polish}	Preston, Dennis R.	117	117--120	6	1\&2	1982	Summer and Winter	0-916500-26-8	0363-3659	Maledicta: The International Journal of Verbal Aggression
\emph{Hamlet:} {Another} Neck, Or Paddling in Your Neck With His Damn'd Fingers	Apseloff, Stanford S.	121	121--122	6	1\&2	1982	Summer and Winter	0-916500-26-8	0363-3659	Maledicta: The International Journal of Verbal Aggression
\emph{Dyke Diction:} {The} Language of Lesbians	Ashley, Leonard R. N.	123	123--162	6	1\&2	1982	Summer and Winter	0-916500-26-8	0363-3659	Maledicta: The International Journal of Verbal Aggression
Nosce Te Ipsum!	Aman, Reinhold	163	163--164	6	1\&2	1982	Summer and Winter	0-916500-26-8	0363-3659	Maledicta: The International Journal of Verbal Aggression
Cherry, Fuzz, and Spiders on the Ceiling: Patterns in Slang	Karlen, Arno	165	165--168	6	1\&2	1982	Summer and Winter	0-916500-26-8	0363-3659	Maledicta: The International Journal of Verbal Aggression
The Criteria for a Class of Jocular Words in {English}	Read, Allen Walker	169	169--179	6	1\&2	1982	Summer and Winter	0-916500-26-8	0363-3659	Maledicta: The International Journal of Verbal Aggression
Doctors, Hospitals, and Operations: A Glossary of Ironic and Insulting {German} Terms	Aman, Reinhold	180	180--188	6	1\&2	1982	Summer and Winter	0-916500-26-8	0363-3659	Maledicta: The International Journal of Verbal Aggression
Herman Melville's Soiled Sailors	Gretchko, John M. J.	189	189--192	6	1\&2	1982	Summer and Winter	0-916500-26-8	0363-3659	Maledicta: The International Journal of Verbal Aggression
A Glossary of Common Terms Useful for Beginning Teachers in the Public School System of {New} {York}	Salemi, Joseph	193	193--198	6	1\&2	1982	Summer and Winter	0-916500-26-8	0363-3659	Maledicta: The International Journal of Verbal Aggression
“{Your} Mother's Like…”: Formula in Contemporary {American} Ritual Insults	Bronner, Simon J.	199	199--210	6	1\&2	1982	Summer and Winter	0-916500-26-8	0363-3659	Maledicta: The International Journal of Verbal Aggression
From \emph{{A} {Shropshire} {Lass}}	Tregaskis, Tryphemia	210	210	6	1\&2	1982	Summer and Winter	0-916500-26-8	0363-3659	Maledicta: The International Journal of Verbal Aggression
\emph{Borborygm} and the \emph{Borbor-} Family of Dirty Words	Imholtz, Jr., August A.	211	211--214	6	1\&2	1982	Summer and Winter	0-916500-26-8	0363-3659	Maledicta: The International Journal of Verbal Aggression
Sexual Content of {German} {Wellerisms}	Mieder, Wolfgang	215	215--223	6	1\&2	1982	Summer and Winter	0-916500-26-8	0363-3659	Maledicta: The International Journal of Verbal Aggression
Two Etymons and a Query: \emph{Gay - Fairies - Camping}	Cawqua, Urson	224	224--230	6	1\&2	1982	Summer and Winter	0-916500-26-8	0363-3659	Maledicta: The International Journal of Verbal Aggression
Some Observations on Semantic Change: Generalizations and Obscenities	Hook, Donald D.	231	231--237	6	1\&2	1982	Summer and Winter	0-916500-26-8	0363-3659	Maledicta: The International Journal of Verbal Aggression
Private Parts and {Persian} Insult Poetry	Sprachman, Paul	238	238--248	6	1\&2	1982	Summer and Winter	0-916500-26-8	0363-3659	Maledicta: The International Journal of Verbal Aggression
Viet-Speak	Cragg, Dan	249	249--261	6	1\&2	1982	Summer and Winter	0-916500-26-8	0363-3659	Maledicta: The International Journal of Verbal Aggression
Smut from “Family Newspapers”	Aman, Reinhold	262	262	6	1\&2	1982	Summer and Winter	0-916500-26-8	0363-3659	Maledicta: The International Journal of Verbal Aggression
Stan {Mack's} Real Life Funnies	Mack, Stan	263	263--264	6	1\&2	1982	Summer and Winter	0-916500-26-8	0363-3659	Maledicta: The International Journal of Verbal Aggression
Argentinian Verbal Aggression	Mulcahy, F. David and Koniar, Beverly	265	265--289	6	1\&2	1982	Summer and Winter	0-916500-26-8	0363-3659	Maledicta: The International Journal of Verbal Aggression
Kakologia	Aman, Reinhold	290	290--314	6	1\&2	1982	Summer and Winter	0-916500-26-8	0363-3659	Maledicta: The International Journal of Verbal Aggression
An Interview with {Peter} {Tamony}	Foster, Rick	6	6--14	7		1983		0-916500-27-6	0363-3659	Maledicta: The International Journal of Verbal Aggression
Etymology of {Americanisms}: A Checklist of {Peter} {Tamony's} Articles	Green, Archie	14	14--20	7		1983			0363-3659	Maledicta: The International Journal of Verbal Aggression
You Are What You Eat: Dietary Stereotypes and Ethnic Epithets	Allen, Irving Lewis	21	21--30	7		1983			0363-3659	Maledicta: The International Journal of Verbal Aggression
Poonerisms	Christopher, Richard	31	31--33	7		1983			0363-3659	Maledicta: The International Journal of Verbal Aggression
On Spoonerisms	Aman, Reinhold	34	34--37	7		1983			0363-3659	Maledicta: The International Journal of Verbal Aggression
More Common Patient-Directed Pejoratives Used by Medical Personnel	Taller, Stephen L.	38	38--40	7		1983			0363-3659	Maledicta: The International Journal of Verbal Aggression
Politico-Linguistic Statement	Messing, Gordon	40	40	7		1983			0363-3659	Maledicta: The International Journal of Verbal Aggression
Repentant Sinner	Messing, Gordon	40	40	7		1983			0363-3659	Maledicta: The International Journal of Verbal Aggression
Proverbs in Graffiti: Taunting Traditional Wisdom	Nierenberg, Jess	41	41--58	7		1983			0363-3659	Maledicta: The International Journal of Verbal Aggression
Sexual Philosophy and Choice of Vocabulary	Schrock, John R.	59	59--71	7		1983			0363-3659	Maledicta: The International Journal of Verbal Aggression
Genital Release Writ		72	72	7		1983			0363-3659	Maledicta: The International Journal of Verbal Aggression
Swive Diascatesis!	Shroat, Gary R.	73	73--74	7		1983			0363-3659	Maledicta: The International Journal of Verbal Aggression
On the Defamation of {Italian} {Americans}	Di Pietro, Robert J.	75	75--84	7		1983			0363-3659	Maledicta: The International Journal of Verbal Aggression
Teenage Jokesters and Riddlers: A Profile in Parody	Geltrich-Ludgate, Brigitta	85	85--98	7		1983			0363-3659	Maledicta: The International Journal of Verbal Aggression
Catalan Blasphemies	Vinyoles, Joan J.	99	99--107	7		1983			0363-3659	Maledicta: The International Journal of Verbal Aggression
Short-Shrifted \emph{Smegma}	Grossman, Nathaniel	108	108	7		1983			0363-3659	Maledicta: The International Journal of Verbal Aggression
Offensive Words in Dictionaries: \emph{Smegma}	Aman, Reinhold	109	109--120	7		1983			0363-3659	Maledicta: The International Journal of Verbal Aggression
The Deflowering of \emph{{The} {American} {Heritage} {Dictionary}}	Hentoff, Nat	121	121--128	7		1983			0363-3659	Maledicta: The International Journal of Verbal Aggression
Ruined \emph{{Lady}}	Johnson, Falk S.	129	129--138	7		1983			0363-3659	Maledicta: The International Journal of Verbal Aggression
Scotch Warming Pan	Johnson, Falk S.	138	138	7		1983			0363-3659	Maledicta: The International Journal of Verbal Aggression
Sexual \emph{Cruising} Past and Present	Henke, James T.	139	139--148	7		1983			0363-3659	Maledicta: The International Journal of Verbal Aggression
Windy Words: A Glossary of Euphemisms for the Expulsion of Intestinal Gas	Brown, Bob Burton	149	149--154	7		1983			0363-3659	Maledicta: The International Journal of Verbal Aggression
Linguistic Scale: Cussing and Euphemisms	Alford, Richard D. and O'Donnell, William J.	155	155--163	7		1983			0363-3659	Maledicta: The International Journal of Verbal Aggression
Vocabulary Elements in Early {Macedonian} Lexicons	Friedman, Victor A.	164	164--166	7		1983			0363-3659	Maledicta: The International Journal of Verbal Aggression
From Loose Abuse to Poetic Couplets: The Case of the {Fante} Tone Riddle	Yankah, Kwesi	167	167--177	7		1983			0363-3659	Maledicta: The International Journal of Verbal Aggression
Personality and Verbal Abuse	Darou, Wes G.	178	178--186	7		1983			0363-3659	Maledicta: The International Journal of Verbal Aggression
Go West, Young Man: {Bulgarian} Necessities	Maher, John Peter	187	187--188	7		1983			0363-3659	Maledicta: The International Journal of Verbal Aggression
Ritual and Personal Insults in Stigmatized Subcultures: Gay – Black – {Jew}	Murray, Stephen O.	189	189--211	7		1983			0363-3659	Maledicta: The International Journal of Verbal Aggression
Bavarian Terms of Abuse Derived from Common Names	Aman, Reinhold	212	212--217	7		1983			0363-3659	Maledicta: The International Journal of Verbal Aggression
\emph{Nciurii:} {Sicilian} Nicknames	Caldiero, Allisandru	217	217--218	7		1983			0363-3659	Maledicta: The International Journal of Verbal Aggression
The Birds and the Beasts: Women as Animal	Whaley, C. Robert and Antonelli, George	219	219--229	7		1983			0363-3659	Maledicta: The International Journal of Verbal Aggression
Is {French} a Sexist Language? {Doing} Cunteries in {France}	Sisson, Andrew R.	230	230--232	7		1983			0363-3659	Maledicta: The International Journal of Verbal Aggression
\emph{Postmature Orgastrix} and Other Gaps	Aman, Reinhold	233	233--236	7		1983			0363-3659	Maledicta: The International Journal of Verbal Aggression
To Be Or Not To Be	Honoré, Marie-Jeanne and Aman, Reinhold	236	236	7		1983			0363-3659	Maledicta: The International Journal of Verbal Aggression
A Connotative Analysis of Synonyms for \emph{Sexual Intercourse}	Terry, Roger L.	237	237--253	7		1983			0363-3659	Maledicta: The International Journal of Verbal Aggression
Sex Objects and Transitive Verbs	Freier, Jonathan	253	253	7		1983			0363-3659	Maledicta: The International Journal of Verbal Aggression
Suck List	Vriend, John	254	254--258	7		1983			0363-3659	Maledicta: The International Journal of Verbal Aggression
Death, Where Is Thy Sting?	{[American folklore]}	258	258	7		1983			0363-3659	Maledicta: The International Journal of Verbal Aggression
A {Yiddish} {Minnie}-{Legend}	Aman, Reinhold	259	259--268	7		1983			0363-3659	Maledicta: The International Journal of Verbal Aggression
Happy {Valentine's} {Day}, {San} {Francisco} Style	Aman, Reinhold	269	269--273	7		1983			0363-3659	Maledicta: The International Journal of Verbal Aggression
Don't Call a Flutist a Fluter (Unless He Is One)	Shickhaus, Gritch	274	274	7		1983			0363-3659	Maledicta: The International Journal of Verbal Aggression
Kakologia: A Chronicle of Nasty Riddles and Naughty Wordplays	Aman, Reinhold	275	275--305	7		1983			0363-3659	Maledicta: The International Journal of Verbal Aggression
Torso Jokes		305	305--307	7		1983			0363-3659	Maledicta: The International Journal of Verbal Aggression
Howard {University} {Law} {School}: Final Examination		308	308--311	7		1983			0363-3659	Maledicta: The International Journal of Verbal Aggression
Words Can Kill: The Anatomy of a Murder	Aman, Reinhold	5	5--9	8		1984--1985		0-916500-28-4	0363-3659	Maledicta: The International Journal of Verbal Aggression
Dialogue Graffiti	Schmid, Rudolf	10	10	8		1984--1985		0-916500-28-4	0363-3659	Maledicta: The International Journal of Verbal Aggression
All about Merkins	Phillips, Roger W.	11	11--14	8		1984--1985		0-916500-28-4	0363-3659	Maledicta: The International Journal of Verbal Aggression
A Medical {Christmas} Song	Barton, Richard O.	15	15	8		1984--1985		0-916500-28-4	0363-3659	Maledicta: The International Journal of Verbal Aggression
Disease Curses	Aman, Reinhold	16	16	8		1984--1985		0-916500-28-4	0363-3659	Maledicta: The International Journal of Verbal Aggression
Ageist Language	Nuessel, Frank	17	17--28	8		1984--1985		0-916500-28-4	0363-3659	Maledicta: The International Journal of Verbal Aggression
Taxonomic Pornithology: Rules for the Naming of Egregious and Obscene Birds	Lindsey, Douglas	29	29--36	8		1984--1985		0-916500-28-4	0363-3659	Maledicta: The International Journal of Verbal Aggression
Ethiopian Jokes	Christopher, Richard	37	37--42	8		1984--1985		0-916500-28-4	0363-3659	Maledicta: The International Journal of Verbal Aggression
Wimp	Aman, Reinhold	43	43--56	8		1984--1985		0-916500-28-4	0363-3659	Maledicta: The International Journal of Verbal Aggression
President {Reagan's} Letter to {John} {Hinckley}		57	57	8		1984--1985		0-916500-28-4	0363-3659	Maledicta: The International Journal of Verbal Aggression
Dialectics of {Brazilian} Negro Proverbs	Stubbe, Hannes	59	59--68	8		1984--1985		0-916500-28-4	0363-3659	Maledicta: The International Journal of Verbal Aggression
{AIDS} Jokes, or \emph{{Schadenfreude}} around an Epidemic	Schmidt, Casper G.	69	69--75	8		1984--1985		0-916500-28-4	0363-3659	Maledicta: The International Journal of Verbal Aggression
Catullus {XVI}	Salemi, Joseph	76	76--77	8		1984--1985		0-916500-28-4	0363-3659	Maledicta: The International Journal of Verbal Aggression
Folk-Etymology: “{La} Belle et la Bête”	Legman, G.	78	78--80	8		1984--1985		0-916500-28-4	0363-3659	Maledicta: The International Journal of Verbal Aggression
Gimp, Pimp, Simp \& Wimp: Political Pejoration Past and Present	Aman, Reinhold	81	81--90	8		1984--1985		0-916500-28-4	0363-3659	Maledicta: The International Journal of Verbal Aggression
A Note on Sexism and Insulting with Examples from {Polish}	Jaworski, Adam	91	91--94	8		1984--1985		0-916500-28-4	0363-3659	Maledicta: The International Journal of Verbal Aggression
Construction Lingo		94	94	8		1984--1985		0-916500-28-4	0363-3659	Maledicta: The International Journal of Verbal Aggression
A Running Commentary on Diarrhea	Barrick, Mac E.	95	95--104	8		1984--1985		0-916500-28-4	0363-3659	Maledicta: The International Journal of Verbal Aggression
Offensive Language via Computer	Aman, Reinhold	105	105--106	8		1984--1985		0-916500-28-4	0363-3659	Maledicta: The International Journal of Verbal Aggression
Verbal Aggression in {Dinga}	Mpang, Mukanar and Foster, Joseph G.	107	107--116	8		1984--1985		0-916500-28-4	0363-3659	Maledicta: The International Journal of Verbal Aggression
Milwaukee Medical Maledicta	Ture, Sue	117	117--118	8		1984--1985		0-916500-28-4	0363-3659	Maledicta: The International Journal of Verbal Aggression
“{Kiss'd} Our Anos” in {Ben} {Jonson's} \emph{{The} {Alchemist}}	Knowlton, Jr., Edgar C.	119	119--122	8		1984--1985		0-916500-28-4	0363-3659	Maledicta: The International Journal of Verbal Aggression
Offensive Words in Dictionaries: {II.} \emph{Arse, Arsehole, Ass, Asshole, Blabbermouth, Bullshit, Cripple, Cunt, Dildo, Meathead, Merkin, Prick, Slob, Wimp, Yente}	Aman, Reinhold	123	123--153	8		1984--1985		0-916500-28-4	0363-3659	Maledicta: The International Journal of Verbal Aggression
Your Mother Has Yaws: Verbal Abuse at {Ulithi}	Cubberly, Norman	154	154--160	8		1984--1985		0-916500-28-4	0363-3659	Maledicta: The International Journal of Verbal Aggression
\emph{Gay, Gei, Homo,} and \emph{Homoseksuaali} in {Finnish}	Nevis, Joel A.	158	158--160	8		1984--1985		0-916500-28-4	0363-3659	Maledicta: The International Journal of Verbal Aggression
Wrestling with the Truth: What Newspapers Don't Report	Aman, Reinhold	161	161--162	8		1984--1985		0-916500-28-4	0363-3659	Maledicta: The International Journal of Verbal Aggression
The Gold-Dust Twins of Marginal Humor: Blacks and {Jews}	Dorinson, Joseph	163	163--192	8		1984--1985		0-916500-28-4	0363-3659	Maledicta: The International Journal of Verbal Aggression
James {Watt's} \emph{{Cripple}}	Aman, Reinhold	193	193--196	8		1984--1985		0-916500-28-4	0363-3659	Maledicta: The International Journal of Verbal Aggression
Ads for {TV} Executions	Halevi, Charles Chi	197	197--199	8		1984--1985		0-916500-28-4	0363-3659	Maledicta: The International Journal of Verbal Aggression
More Trade Names of American Condoms	Sedley, Maurice	200	200--202	8		1984--1985		0-916500-28-4	0363-3659	Maledicta: The International Journal of Verbal Aggression
Kakologia: A Chronicle of Nasty Riddles and Naughty Wordplays	Aman, Reinhold	203	203--230	8		1984--1985		0-916500-28-4	0363-3659	Maledicta: The International Journal of Verbal Aggression
Bibliography	Aman, Reinhold	293	293--317	8		1984--1985		0-916500-28-4	0363-3659	Maledicta: The International Journal of Verbal Aggression
An Interview with {Lillian} {Mermin} {Feinsilver}	Aman, Reinhold	6	6--17	9		1986--1987		0-916500-29-2	0363-3659	Maledicta: The International Journal of Verbal Aggression
Works by {Lillian} {Mermin} {Feinsilver}	Feinsilver, Lillian Mermin and Aman, Reinhold	17	17--22	9		1986--1987		0-916500-29-2	0363-3659	Maledicta: The International Journal of Verbal Aggression
Is {George} {Bush} a Wimp? {Or}, Name-Calling Made Easy	Aman, Reinhold	23	23--34	9		1986--1987		0-916500-29-2	0363-3659	Maledicta: The International Journal of Verbal Aggression
International Maledicta Poll No. 1	Aman, Reinhold	34	34--35	9		1986--1987		0-916500-29-2	0363-3659	Maledicta: The International Journal of Verbal Aggression
University of {Wisconsin} Basketball Prospects 1988	{[Folklore]}	37	37--38	9		1986--1987		0-916500-29-2	0363-3659	Maledicta: The International Journal of Verbal Aggression
The Moving Spray Can: A Collection of Some Contemporary {English} Graffiti	Newall, Venetia	39	39--47	9		1986--1987		0-916500-29-2	0363-3659	Maledicta: The International Journal of Verbal Aggression
On the Pronunciation of \emph{Cunnilingus} in Dictionaries	Aman, Reinhold	48	48--50	9		1986--1987		0-916500-29-2	0363-3659	Maledicta: The International Journal of Verbal Aggression
A Continuation of a Glossary of Ethnic Slurs in {American} {English}	Eisiminger, Sterling	51	51--61	9		1986--1987		0-916500-29-2	0363-3659	Maledicta: The International Journal of Verbal Aggression
State of {California:} {Proposition} 63	{[Folklore]}	61	61	9		1986--1987		0-916500-29-2	0363-3659	Maledicta: The International Journal of Verbal Aggression
Medical Group Nouns	Ture, Sue	63	63--66	9		1986--1987		0-916500-29-2	0363-3659	Maledicta: The International Journal of Verbal Aggression
Fallout from {Chernobyl}: Radioactive and Irreverent {Polish} Humor	Morrison, James F.	67	67--70	9		1986--1987		0-916500-29-2	0363-3659	Maledicta: The International Journal of Verbal Aggression
America's Ambassadors of International Goodwill, Gesture-wise	Aman, Reinhold	70	70	9		1986--1987		0-916500-29-2	0363-3659	Maledicta: The International Journal of Verbal Aggression
Acceptable but Not Grammatical	Jochnowitz, George	71	71--74	9		1986--1987		0-916500-29-2	0363-3659	Maledicta: The International Journal of Verbal Aggression
{MOQ}-Speak; Or, You Will Never Have to Use Dirty Words Again	Aman, Reinhold	75	75--84	9		1986--1987		0-916500-29-2	0363-3659	Maledicta: The International Journal of Verbal Aggression
Thomas {Crapper's} {WC} and \emph{{Crapping} {Ken}}: A Back-Formation and a Circumlocution	Maher, John Peter	85	85--88	9		1986--1987		0-916500-29-2	0363-3659	Maledicta: The International Journal of Verbal Aggression
Don't Clog Up the Love Current in Her Brain: Marriage Counseling, {Black} {Muslim} Style	Islam, Al	89	89--91	9		1986--1987		0-916500-29-2	0363-3659	Maledicta: The International Journal of Verbal Aggression
Australian Maledicta	Aman, Reinhold	92	92--93	9		1986--1987		0-916500-29-2	0363-3659	Maledicta: The International Journal of Verbal Aggression
The Poetry of Porking	Oppenheimer, Joel	94	94--104	9		1986--1987		0-916500-29-2	0363-3659	Maledicta: The International Journal of Verbal Aggression
Canadian Gay Jokes	Ben-Wa, Peter	105	105--108	9		1986--1987		0-916500-29-2	0363-3659	Maledicta: The International Journal of Verbal Aggression
Comment on Aman's “{A} {Yiddish} {Minnie}-{Legend}” and the Romanization of {Yiddish}	Feinsilver, Lillian Mermin	109	109--123	9		1986--1987		0-916500-29-2	0363-3659	Maledicta: The International Journal of Verbal Aggression
How You Can Tell When It's Going to Be a Rotten Day	{[Folklore]}	124	124	9		1986--1987		0-916500-29-2	0363-3659	Maledicta: The International Journal of Verbal Aggression
A Glossary of {British}-{German} Motoring Terms	{[Folklore]}	125	125--126	9		1986--1987		0-916500-29-2	0363-3659	Maledicta: The International Journal of Verbal Aggression
Oral and Verbal Abuse by Doctors and Nurses	Aman, Reinhold	127	127--138	9		1986--1987		0-916500-29-2	0363-3659	Maledicta: The International Journal of Verbal Aggression
Clap Books	Clerval, Henry	139	139--141	9		1986--1987		0-916500-29-2	0363-3659	Maledicta: The International Journal of Verbal Aggression
Bawdy Books	Aman, Reinhold	141	141--142	9		1986--1987		0-916500-29-2	0363-3659	Maledicta: The International Journal of Verbal Aggression
Sexual Slang: Prostitutes, Pedophiles, Flagellators, Transvestites, and Necrophiles	Ashley, Leonard R. N.	143	143--198	9		1986--1987		0-916500-29-2	0363-3659	Maledicta: The International Journal of Verbal Aggression
An {Italian} Obituary	{[Folklore]}	199	199--200	9		1986--1987		0-916500-29-2	0363-3659	Maledicta: The International Journal of Verbal Aggression
A Taxonomy for Taboo-Word Studies	Eckler, A. Ross	201	201--203	9		1986--1987		0-916500-29-2	0363-3659	Maledicta: The International Journal of Verbal Aggression
\emph{{POSSLQ}} and \emph{{LIP}}	Aman, Reinhold	204	204--206	9		1986--1987		0-916500-29-2	0363-3659	Maledicta: The International Journal of Verbal Aggression
The Creation of a Pussy	{[Folklore]}	206	206	9		1986--1987		0-916500-29-2	0363-3659	Maledicta: The International Journal of Verbal Aggression
A Maledicta Bibliography	Jay, Timothy B.	207	207--224	9		1986--1987		0-916500-29-2	0363-3659	Maledicta: The International Journal of Verbal Aggression
The Official {Polish} Sex Quiz	{[Folklore]}	225	225--226	9		1986--1987		0-916500-29-2	0363-3659	Maledicta: The International Journal of Verbal Aggression
Offensive Words in Dictionaries: {III.} \emph{Sodomy, Bestiality, Buggery, Bugger, Pederasty}	Aman, Reinhold	227	227--246	9		1986--1987		0-916500-29-2	0363-3659	Maledicta: The International Journal of Verbal Aggression
What Is This Crime That Dare Not Speak Its Name? {Legal}, Religious, and Journalistic Aspects of \emph{Sodomy}	Aman, Reinhold	247	247--268	9		1986--1987		0-916500-29-2	0363-3659	Maledicta: The International Journal of Verbal Aggression
Chain Letter for Women Only	{[Folklore]}	268	268	9		1986--1987		0-916500-29-2	0363-3659	Maledicta: The International Journal of Verbal Aggression
Kakologia: A Chronicle of Nasty Riddles and Naughty Wordplays	Aman, Reinhold	269	269--317	9		1986--1987		0-916500-29-2	0363-3659	Maledicta: The International Journal of Verbal Aggression
Dump on Vulgarity	King, Tabitha	5	5--13	10		1988--1989		0-916500-30-6	0363-3659	Maledicta: The International Journal of Verbal Aggression
Everyone Uses Nasty Language	Aman, Reinhold	14	14	10		1988--1989		0-916500-30-6	0363-3659	Maledicta: The International Journal of Verbal Aggression
Folk Criticism of Religiosity in the Graffiti of {New} {York} {City}	Read, Allen Walker	15	15--30	10		1988--1989		0-916500-30-6	0363-3659	Maledicta: The International Journal of Verbal Aggression
Medical Maledicta from {San} {Francisco}	Barton, Richard O.	31	31--35	10		1988--1989		0-916500-30-6	0363-3659	Maledicta: The International Journal of Verbal Aggression
More Milwaukee Medical Maledicta	Ture, Sue	36	36	10		1988--1989		0-916500-30-6	0363-3659	Maledicta: The International Journal of Verbal Aggression
Elementary {Georgian} Obscenity	Razvratnikov, Boris Sukitch	37	37--42	10		1988--1989		0-916500-30-6	0363-3659	Maledicta: The International Journal of Verbal Aggression
Telephonic Cryptograms	Nuessel, Frank	43	43--44	10		1988--1989		0-916500-30-6	0363-3659	Maledicta: The International Journal of Verbal Aggression
Phone-Smut	Aman, Reinhold	45	45--47	10		1988--1989		0-916500-30-6	0363-3659	Maledicta: The International Journal of Verbal Aggression
Terms of Abuse, Terms of Endearment, and Pet Names for Breasts and Other Naughty Body Parts	Aman, Reinhold	49	49--77	10		1988--1989		0-916500-30-6	0363-3659	Maledicta: The International Journal of Verbal Aggression
Pejorative Nicknames of Baseball All-Stars	Clifton, Merritt	78	78	10		1988--1989		0-916500-30-6	0363-3659	Maledicta: The International Journal of Verbal Aggression
Cohen's Religious Museum	Cohen, Aaron	79	79--80	10		1988--1989		0-916500-30-6	0363-3659	Maledicta: The International Journal of Verbal Aggression
Offensive Rock Band Names: A Linguistic Taxonomy	Salmons, Joe and Macaulay, Monica	81	81--99	10		1988--1989		0-916500-30-6	0363-3659	Maledicta: The International Journal of Verbal Aggression
Results of Maledicta Poll 1988	Aman, Reinhold	100	100--104	10		1988--1989		0-916500-30-6	0363-3659	Maledicta: The International Journal of Verbal Aggression
Tattling the Racist Laughter of {Alabama} Leaders, 1950–1967	Crew, Louie	105	105--114	10		1988--1989		0-916500-30-6	0363-3659	Maledicta: The International Journal of Verbal Aggression
Beyond the Metaphor: Cursing in {Ulster}	Crozier, Alan	115	115--125	10		1988--1989		0-916500-30-6	0363-3659	Maledicta: The International Journal of Verbal Aggression
Offensive Words in Dictionaries: {IV.} Ethnic, Racial, Religious, and Sexual Slurs in an {American} and an {Australian} Dictionary	Aman, Reinhold	126	126--135	10		1988--1989		0-916500-30-6	0363-3659	Maledicta: The International Journal of Verbal Aggression
Letter to a {Pennsylvania} Postmaster	Aman, Reinhold	136	136	10		1988--1989		0-916500-30-6	0363-3659	Maledicta: The International Journal of Verbal Aggression
The {Peckerwood} {Poets}: A Tribute	Margalith, Sanford H.	137	137--143	10		1988--1989		0-916500-30-6	0363-3659	Maledicta: The International Journal of Verbal Aggression
1990 Attorney-Hunting Season and Bag Limit	{[Folklore]}	144	144	10		1988--1989		0-916500-30-6	0363-3659	Maledicta: The International Journal of Verbal Aggression
Egyptian {Arabic} Abuse	Parkinson, Dilworth B.	145	145--161	10		1988--1989		0-916500-30-6	0363-3659	Maledicta: The International Journal of Verbal Aggression
Instructional Graffiti	Stone, Rosetta	162	162	10		1988--1989		0-916500-30-6	0363-3659	Maledicta: The International Journal of Verbal Aggression
Linguistic Taboos, Code-Words and Women's Use of Sexist Language: A Double Bind	Saporta, Sol	163	163--166	10		1988--1989		0-916500-30-6	0363-3659	Maledicta: The International Journal of Verbal Aggression
\emph{Challenger} Shuttle Jokes	Aman, Reinhold	167	167--183	10		1988--1989		0-916500-30-6	0363-3659	Maledicta: The International Journal of Verbal Aggression
Slogans to Promote National Condom Week	Aman, Reinhold	184	184--188	10		1988--1989		0-916500-30-6	0363-3659	Maledicta: The International Journal of Verbal Aggression
Catullus {XXXIII}	Salemi, Joseph S.	189	189--190	10		1988--1989		0-916500-30-6	0363-3659	Maledicta: The International Journal of Verbal Aggression
Martial {XI.99}	Wind, Robert	191	191--192	10		1988--1989		0-916500-30-6	0363-3659	Maledicta: The International Journal of Verbal Aggression
An {Irishman's} Letter to the {DHSS} in Response to Receiving the {AIDS} Leaflet	{[Folklore]}	193	193--194	10		1988--1989		0-916500-30-6	0363-3659	Maledicta: The International Journal of Verbal Aggression
Whose Anus? \emph{{Uranus}}	Preston, Dennis R.	195	195--199	10		1988--1989		0-916500-30-6	0363-3659	Maledicta: The International Journal of Verbal Aggression
Departmental Counseling Sheet	{[Folklore]}	200	200--202	10		1988--1989		0-916500-30-6	0363-3659	Maledicta: The International Journal of Verbal Aggression
Talk Dirty to Me: Sassy Sayings on Buttons, Cards, {T}-Shirts, and Rubber Stamps	Aman, Reinhold	203	203--208	10		1988--1989		0-916500-30-6	0363-3659	Maledicta: The International Journal of Verbal Aggression
Pit, Tit, Clit	Anonymous	208	208	10		1988--1989		0-916500-30-6	0363-3659	Maledicta: The International Journal of Verbal Aggression
\emph{God Curse You, and the Curse Is That You Be What You Already Are!:} {Swahili} Culture, Power, and Badtalk	Swartz, Marc J.	209	209--230	10		1988--1989		0-916500-30-6	0363-3659	Maledicta: The International Journal of Verbal Aggression
The \emph{{Portagee}} in Speech and Joke	Monteiro, George	231	231--237	10		1988--1989		0-916500-30-6	0363-3659	Maledicta: The International Journal of Verbal Aggression
Word Finder \& Spelling Checker: Or, Some of My Best Friends Are Knitters	Aman, Reinhold	238	238--239	10		1988--1989		0-916500-30-6	0363-3659	Maledicta: The International Journal of Verbal Aggression
English	Kunzke, Peter	239	239	10		1988--1989		0-916500-30-6	0363-3659	Maledicta: The International Journal of Verbal Aggression
The Taxonomy of Benediction and Malediction	Schmid, Rudi	240	240--242	10		1988--1989		0-916500-30-6	0363-3659	Maledicta: The International Journal of Verbal Aggression
An Open Letter to {Mike} {Royko}	Aman, Reinhold	243	243--244	10		1988--1989		0-916500-30-6	0363-3659	Maledicta: The International Journal of Verbal Aggression
A First Look at {Armenian} Maledicta	Želvys, Vladimir Ilyich	245	245--246	10		1988--1989		0-916500-30-6	0363-3659	Maledicta: The International Journal of Verbal Aggression
Kakologia: A Chronicle of Ribald Riddles and Wicked Wordplays	Aman, Reinhold	247	247--316	10		1988--1989		0-916500-30-6	0363-3659	Maledicta: The International Journal of Verbal Aggression
\emph{Maledicta} Is Back!	Aman, Reinhold	4	4	11		1990--1995		0-916500-31-4	0363-3659	Maledicta: The International Journal of Verbal Aggression
\emph{J'accuse!} {An} Open Letter to {Janet} {Reno}, {Attorney} {General}, {U.S.} {Department} of {Injustice}	Aman, Reinhold	5	5--33	11		1990--1995		0-916500-31-4	0363-3659	Maledicta: The International Journal of Verbal Aggression
You're Ugly, Your Dick Is Small, and Everybody Fucks Your Mother! {The} Stand-Up Comedian's Response to the Heckler	Conway, Andrew	34	34--46	11		1990--1995		0-916500-31-4	0363-3659	Maledicta: The International Journal of Verbal Aggression
\emph{Door Whore} and Other {New} {Mexico} Restaurant Slang	Radford, Benjamin	47	47--48	11		1990--1995		0-916500-31-4	0363-3659	Maledicta: The International Journal of Verbal Aggression
Honky Chutzpah	{[Folklore]}	48	48	11		1990--1995		0-916500-31-4	0363-3659	Maledicta: The International Journal of Verbal Aggression
The Sanitized Ending of {William} {Faulkner's} \emph{{The} {Wild} {Palms}} Or, Fifty Years of No \emph{Shit}	Chappell, Charles	49	49--58	11		1990--1995		0-916500-31-4	0363-3659	Maledicta: The International Journal of Verbal Aggression
Mozart's Bizarre Verbal Behavior: A Case of {Tourette} Syndrome?	Fog, Rasmus	59	59--62	11		1990--1995		0-916500-31-4	0363-3659	Maledicta: The International Journal of Verbal Aggression
Debunking {Kennedy's} “{I} Am a Jelly-Filled Doughnut”	Aman, Reinhold	63	63--64	11		1990--1995		0-916500-31-4	0363-3659	Maledicta: The International Journal of Verbal Aggression
A {Provençal} \emph{Estribot}	Salemi, Joseph S.	65	65--71	11		1990--1995		0-916500-31-4	0363-3659	Maledicta: The International Journal of Verbal Aggression
Canonical Strictures against Swearing and Blaspheming	Salemi, Joseph S.	72	72--74	11		1990--1995		0-916500-31-4	0363-3659	Maledicta: The International Journal of Verbal Aggression
\emph{Tok Nogut:} {An} Introduction to Malediction in {Papua} {New} {Guinea}	Slone, Thomas H.	75	75--104	11		1990--1995		0-916500-31-4	0363-3659	Maledicta: The International Journal of Verbal Aggression
What \emph{-ist} Are You? {A} Guide to Common Prejudices	Aman, Reinhold	105	105--112	11		1990--1995		0-916500-31-4	0363-3659	Maledicta: The International Journal of Verbal Aggression
Obscenity and Vulgarity in {African} Oral Folklore	Ojoade, J. Olowo	113	113--126	11		1990--1995		0-916500-31-4	0363-3659	Maledicta: The International Journal of Verbal Aggression
Ham and Quim	Teruggi, Mario E.	127	127	11		1990--1995		0-916500-31-4	0363-3659	Maledicta: The International Journal of Verbal Aggression
\emph{Nomen Est Omen}	Aman, Reinhold	128	128	11		1990--1995		0-916500-31-4	0363-3659	Maledicta: The International Journal of Verbal Aggression
Do You Like Aural? {British} Phone Sex Ads	Crawford, Neil	129	129--132	11		1990--1995		0-916500-31-4	0363-3659	Maledicta: The International Journal of Verbal Aggression
Some Sorority and Fraternity Nicknames	Smith, Michael K. and Reaves, Gail	133	133--138	11		1990--1995		0-916500-31-4	0363-3659	Maledicta: The International Journal of Verbal Aggression
Miscommunication	{[Folklore]}	138	138	11		1990--1995		0-916500-31-4	0363-3659	Maledicta: The International Journal of Verbal Aggression
Swearing as a Function of Gender in the Language of {Midwestern} {American} College Students: Who Does It More, What Do They Say, When and Where Do They Do It, and Why Do They Do It?	Murray, Thomas E.	139	139--152	11		1990--1995		0-916500-31-4	0363-3659	Maledicta: The International Journal of Verbal Aggression
Parliament of Fowls on {Dog} {River}	McLean, Arthur	153	153	11		1990--1995		0-916500-31-4	0363-3659	Maledicta: The International Journal of Verbal Aggression
Kakologia	Aman, Reinhold	154	154--158	11		1990--1995		0-916500-31-4	0363-3659	Maledicta: The International Journal of Verbal Aggression
Panning a Panner	Aman, Reinhold	4	4	12		1996		0-916500-32-2	0363-3659	Maledicta: The International Journal of Verbal Aggression
Domino's {Pizza} Jargon	Foss, Gwen	5	5--24	12		1996		0-916500-32-2	0363-3659	Maledicta: The International Journal of Verbal Aggression
Presidential Candidates 1996	Aman, Reinhold	24	24	12		1996		0-916500-32-2	0363-3659	Maledicta: The International Journal of Verbal Aggression
Wicked Cognates	Whallon, William	25	25--28	12		1996		0-916500-32-2	0363-3659	Maledicta: The International Journal of Verbal Aggression
Medieval Maledicta	Aman, Reinhold	28	28	12		1996		0-916500-32-2	0363-3659	Maledicta: The International Journal of Verbal Aggression
On the Historical Longevity of One Four-Letter Word: The Interplay of Phonology and Semantics	Noguchi, Rei R.	29	29--43	12		1996		0-916500-32-2	0363-3659	Maledicta: The International Journal of Verbal Aggression
Welcome to the Psychiatric Hotline	{[Folklore]}	43	43	12		1996		0-916500-32-2	0363-3659	Maledicta: The International Journal of Verbal Aggression
Uncle {Mal's} Secret List of Contributors	{Uncle Maledictus}	44	44--48	12		1996		0-916500-32-2	0363-3659	Maledicta: The International Journal of Verbal Aggression
Dutch Soldiers' Latrinalia	Salleveldt, Henk	49	49--84	12		1996		0-916500-32-2	0363-3659	Maledicta: The International Journal of Verbal Aggression
Lance {Ito's} Side Bar \& Grill	{[Folklore]}	84	84	12		1996		0-916500-32-2	0363-3659	Maledicta: The International Journal of Verbal Aggression
Sex and Violence in the {Indo}-{European} Languages	Ogier, James M.	85	85--90	12		1996		0-916500-32-2	0363-3659	Maledicta: The International Journal of Verbal Aggression
The Rake	Hamilton, Thomas	90	90	12		1996		0-916500-32-2	0363-3659	Maledicta: The International Journal of Verbal Aggression
Lexical Categories of Homosexual Behaviour in Modern {Burmese}	van Driem, George	91	91--110	12		1996		0-916500-32-2	0363-3659	Maledicta: The International Journal of Verbal Aggression
Unchristian and Dangerous: Censoring \emph{{Maledicta}}	Aman, Reinhold	111	111--114	12		1996		0-916500-32-2	0363-3659	Maledicta: The International Journal of Verbal Aggression
Flames \& Smokey	Aman, Reinhold	114	114	12		1996		0-916500-32-2	0363-3659	Maledicta: The International Journal of Verbal Aggression
The Consequences of {Yugoslav} Wars on the Occurrence of Swearwords in the Mass Media	Nežmah, Bernard	115	115--118	12		1996		0-916500-32-2	0363-3659	Maledicta: The International Journal of Verbal Aggression
Susan {Catherine's} Overheard Conversations	Aman, Reinhold	119	119--120	12		1996		0-916500-32-2	0363-3659	Maledicta: The International Journal of Verbal Aggression
The Language and Style of Malevolence: A Language Analysis of {Yoruba} \emph{{Èébú}}	Ọládèjì, Níjì	121	121--130	12		1996		0-916500-32-2	0363-3659	Maledicta: The International Journal of Verbal Aggression
Shit Happens	Aman, Reinhold	131	131--146	12		1996		0-916500-32-2	0363-3659	Maledicta: The International Journal of Verbal Aggression
Clinton Administration Playbill	Giwer, Matt and Aman, Reinhold	146	146	12		1996		0-916500-32-2	0363-3659	Maledicta: The International Journal of Verbal Aggression
Linguistic and Blasphemous Aspects of {Bavarian} Micturition and {American} Toilet Names	Aman, Reinhold	147	147--151	12		1996		0-916500-32-2	0363-3659	Maledicta: The International Journal of Verbal Aggression
Kakologia	Aman, Reinhold	152	152--157	12		1996		0-916500-32-2	0363-3659	Maledicta: The International Journal of Verbal Aggression
Bibliography	Aman, Reinhold	158	158	12		1996		0-916500-32-2	0363-3659	Maledicta: The International Journal of Verbal Aggression
Is This the End of \emph{{Maledicta}}? {A} Maledictorial Not for the Faint of Heart	Aman, Reinhold “Amaretto”	5	5--14	13		1997--2004		0-916500-33-0	0363-3659	Maledicta: The International Journal of Verbal Aggression
“{Please} Delete the Following…” Censoring a {Saturday} Morning Cartoon Show	Pontac, Ken	15	15--20	13		1997--2004		0-916500-33-0	0363-3659	Maledicta: The International Journal of Verbal Aggression
Joe {Zeugma} Limericks	Clary, Hugh	21	21--22	13		1997--2004		0-916500-33-0	0363-3659	Maledicta: The International Journal of Verbal Aggression
How {Bulgarians} Relieve Their Souls	Zhelvis, Vladimir I.	23	23--24	13		1997--2004		0-916500-33-0	0363-3659	Maledicta: The International Journal of Verbal Aggression
Expensive \emph{{Arschloch}}: {German} Traffic Fines	Aman, Reinhold	25	25--26	13		1997--2004		0-916500-33-0	0363-3659	Maledicta: The International Journal of Verbal Aggression
How to Decipher Personal Ads		27	27--28	13		1997--2004		0-916500-33-0	0363-3659	Maledicta: The International Journal of Verbal Aggression
Women's {English} and Men's {English}		28	28	13		1997--2004		0-916500-33-0	0363-3659	Maledicta: The International Journal of Verbal Aggression
Some Terms for Women at an {Australian} Military Academy	Moore, Bruce	29	29--45	13		1997--2004		0-916500-33-0	0363-3659	Maledicta: The International Journal of Verbal Aggression
Chemical Analysis of Woman		46	46	13		1997--2004		0-916500-33-0	0363-3659	Maledicta: The International Journal of Verbal Aggression
Dysphemism and Euphemism in the Erotica of {Henry} {Miller} and {Anaïs} {Nin}	Palmer, Joe Darwin	47	47--49	13		1997--2004		0-916500-33-0	0363-3659	Maledicta: The International Journal of Verbal Aggression
Queer Sisters	Aman, Reinhold	50	50	13		1997--2004		0-916500-33-0	0363-3659	Maledicta: The International Journal of Verbal Aggression
“{Jew} Motherfucker” and “Nigger”: The Foulmouthed \& Lying {Clintons}	Aman, Reinhold	51	51--61	13		1997--2004		0-916500-33-0	0363-3659	Maledicta: The International Journal of Verbal Aggression
\emph{Fuck} and \emph{Fucking} Throughout History		62	62	13		1997--2004		0-916500-33-0	0363-3659	Maledicta: The International Journal of Verbal Aggression
Finnish Maledicta and Euphemisms	Halmari, Helena	63	63--72	13		1997--2004		0-916500-33-0	0363-3659	Maledicta: The International Journal of Verbal Aggression
Romani Insults	Gregersen, Edgar A.	73	73--79	13		1997--2004		0-916500-33-0	0363-3659	Maledicta: The International Journal of Verbal Aggression
Quotes From {American} Athletes		80	80	13		1997--2004		0-916500-33-0	0363-3659	Maledicta: The International Journal of Verbal Aggression
\emph{{Anal} {Cunt}} Song Titles	Aman, Reinhold	81	81--82	13		1997--2004		0-916500-33-0	0363-3659	Maledicta: The International Journal of Verbal Aggression
Scatological Flyting in the Colloquies of {Aelfric}, Surnamed “{The} {Bat}”	Porter, David W.	83	83--89	13		1997--2004		0-916500-33-0	0363-3659	Maledicta: The International Journal of Verbal Aggression
Chiding {Chinese} Children-Chiders		90	90	13		1997--2004		0-916500-33-0	0363-3659	Maledicta: The International Journal of Verbal Aggression
\emph{Ethopathy:} {A} Word Whose Time Has Come	Salemi, Joseph S.	91	91--102	13		1997--2004		0-916500-33-0	0363-3659	Maledicta: The International Journal of Verbal Aggression
Dutch Terms of Abuse	van der Waal, Carla	103	103--107	13		1997--2004		0-916500-33-0	0363-3659	Maledicta: The International Journal of Verbal Aggression
City of {New} {York}: Revised High School Math Proficiency Exam		108	108	13		1997--2004		0-916500-33-0	0363-3659	Maledicta: The International Journal of Verbal Aggression
Vocubulary From a {West}-{Indian} Men's Room	Starr, Christopher K. and Thomas, Mark A.	109	109--121	13		1997--2004		0-916500-33-0	0363-3659	Maledicta: The International Journal of Verbal Aggression
Israeli Politicians' Insults		122	122	13		1997--2004		0-916500-33-0	0363-3659	Maledicta: The International Journal of Verbal Aggression
The {Lord's} {Prayer} in {Ebonics}		122	122	13		1997--2004		0-916500-33-0	0363-3659	Maledicta: The International Journal of Verbal Aggression
Modern {Swahili} Vulvas and Vaginas	Constantine, Peter	123	123--125	13		1997--2004		0-916500-33-0	0363-3659	Maledicta: The International Journal of Verbal Aggression
Theodore {Dreiser's} Literary Lust	McLeish, John	126	126	13		1997--2004		0-916500-33-0	0363-3659	Maledicta: The International Journal of Verbal Aggression
Porn Actresses Say the Darndest Things	Andrews, Kami and Aman, Reinhold	127	127--131	13		1997--2004		0-916500-33-0	0363-3659	Maledicta: The International Journal of Verbal Aggression
Miscellany	Aman, Reinhold	132	132--136	13		1997--2004		0-916500-33-0	0363-3659	Maledicta: The International Journal of Verbal Aggression
Kakologia	Aman, Reinhold	137	137--154	13		1997--2004		0-916500-33-0	0363-3659	Maledicta: The International Journal of Verbal Aggression
The {Schitt} {Clan} History		155	155	13		1997--2004		0-916500-33-0	0363-3659	Maledicta: The International Journal of Verbal Aggression
Bibliography	Aman, Reinhold	156	156--157	13		1997--2004		0-916500-33-0	0363-3659	Maledicta: The International Journal of Verbal Aggression
